qiita	Sicut_study	4f301d000ecee98e78c9	Docker入門
qiita	Sicut_study	0318cc136c189b179b7f	Git図解
qiita	minorun365	114f53def8cb0db60f47	ClaudeCode爆速化
qiita	minorun365	4c5dba1de7977c386249	Dify
qiita	minorun365	b2990a7228e8cc4ed025	Cline
qiita	MinoDriven	6718b5e70e3fb321ff9b	技術記事の書き方
qiita	MinoDriven	2d63dcaa92b50b049889	非エンジニアに説明
qiita	MinoDriven	8e4abda43b05cd7a0200	認知バイアス
qiita	c60evaporator	2f24d4796202e8b06a77	VPC丁寧解説
qiita	c60evaporator	ca7eb70e1508d2ba5359	パラメータチューニング
qiita	rana_kualu	3b03961deb003a8a2f1d	コピペをやめろ
qiita	rana_kualu	63ad0f68d66c5f0a464b	65のこと
qiita	hirokidaichi	7f7f7881acba9302301f	人数を増やしても
qiita	hirokidaichi	53f0865398829bdebef1	開発生産性
qiita	kojimadev	06506d374f19493d7e72	アンチパターン
qiita	kojimadev	f4a6539e4fbc641c6fa0	発信活動
qiita	KNR109	f3268b311e11d5b821c0	研修資料まとめ
qiita	KNR109	a6b3216552bee53b1724	チートシート集
zenn	sesere	https://zenn.dev/sesere/articles/0420ecec9526dc	ルール忘れる問題
zenn	sesere	https://zenn.dev/sesere/articles/4c0b55102dcc84	playwrightmcp
zenn	morizyun	https://zenn.dev/hokuto_tech/articles/86d1edb33da61a	ClaudeCode実践ガイド
zenn	morizyun	https://zenn.dev/hokuto_tech/articles/97fa88f7805a23	CodexCLI実践ガイド
zenn	luvmini511	https://zenn.dev/luvmini511/articles/6c6f69481c2d17	interfaceとtype
zenn	luvmini511	https://zenn.dev/luvmini511/articles/1523113e0dec58	SSGとSSR
zenn	catnose99	https://zenn.dev/catnose99/articles/nani-translate	Nani翻訳
zenn	catnose99	https://zenn.dev/catnose99/articles/cb72a73368a547756862	RSS集約
zenn	uhyo	https://zenn.dev/uhyo/articles/react-use-rfc	use RFC
zenn	uhyo	https://zenn.dev/uhyo/articles/lightwindcss	lightwindcss
zenn	karaage0703	https://zenn.dev/karaage0703/articles/3bd2957807f311	MCPコマンド一発
zenn	karaage0703	https://zenn.dev/mkj/articles/cf8536923d9cd7	AIコーディング環境構築
zenn	mizchi	https://zenn.dev/mizchi/articles/ai-model-current-snapshot-2025-0414	AIツール評価
zenn	erukiti	https://zenn.dev/erukiti/articles/2510-ai-coding	AIコーディングプロセス
zenn	kaityo256	https://zenn.dev/kaityo256/articles/what_is_linker	リンカのお仕事
zenn	meijin	https://zenn.dev/manalink_dev/articles/bulletproof-react-is-best-architecture	bulletproof-react
